Architecture,Class,Sensitivity (%),Specificity (%),Precision (%),F1-Score,Support (N)
ResNet50,Normal,90.9,97.6,90.9,0.9091,44
ResNet50,OCA,73.8,95.2,79.5,0.7654,42
ResNet50,OLK,62.5,88.7,56.8,0.5952,40
ResNet50,OLP,70.2,95.0,80.5,0.75,47
ResNet50,OSF,85.7,94.2,75.0,0.8,35
MobileNetV2,Normal,79.5,98.2,92.1,0.8537,44
MobileNetV2,OCA,78.6,96.4,84.6,0.8148,42
MobileNetV2,OLK,65.0,94.0,72.2,0.6842,40
MobileNetV2,OLP,74.5,90.1,68.6,0.7143,47
MobileNetV2,OSF,94.3,93.6,75.0,0.8354,35
VGG16,Normal,93.2,96.3,87.2,0.9011,44
VGG16,OCA,59.5,84.9,50.0,0.5435,42
VGG16,OLK,37.5,89.3,45.5,0.411,40
VGG16,OLP,55.3,87.6,56.5,0.5591,47
VGG16,OSF,65.7,94.8,71.9,0.6866,35
